{
    "airplane": {
        "3": [
            0.0608999989926815,
            0.5513055324554443
        ],
        "5": [
            0.25353333353996277,
            0.8146777749061584
        ],
        "7": [
            0.45969444513320923,
            0.926800012588501
        ],
        "16": [
            0.9997555613517761,
            1.0
        ]
    },
    "automobile": {
        "3": [
            0.02590000070631504,
            0.5060555338859558
        ],
        "5": [
            0.4997555613517761,
            0.9141499996185303
        ],
        "7": [
            0.768916666507721,
            0.981261134147644
        ],
        "16": [
            0.9999944567680359,
            1.0
        ]
    },
    "bird": {
        "3": [
            0.05589444562792778,
            0.6211611032485962
        ],
        "5": [
            0.45286667346954346,
            0.9332500100135803
        ],
        "7": [
            0.7568722367286682,
            0.9915833473205566
        ],
        "16": [
            0.9997777938842773,
            1.0
        ]
    },
    "cat": {
        "3": [
            0.07658889144659042,
            0.7558333277702332
        ],
        "5": [
            0.3780166804790497,
            0.9565277695655823
        ],
        "7": [
            0.7241833209991455,
            0.9934999942779541
        ],
        "16": [
            0.9999666810035706,
            1.0
        ]
    },
    "deer": {
        "3": [
            0.031061111018061638,
            0.527916669845581
        ],
        "5": [
            0.22842222452163696,
            0.8140333294868469
        ],
        "7": [
            0.7614333629608154,
            0.9810222387313843
        ],
        "16": [
            0.9999777674674988,
            1.0
        ]
    },
    "dog": {
        "3": [
            0.04312777891755104,
            0.5655055642127991
        ],
        "5": [
            0.47128334641456604,
            0.9408444166183472
        ],
        "7": [
            0.8572611212730408,
            0.998022198677063
        ],
        "16": [
            0.9993500113487244,
            1.0
        ]
    },
    "frog": {
        "3": [
            0.04231666773557663,
            0.5667611360549927
        ],
        "5": [
            0.29116111993789673,
            0.8870833516120911
        ],
        "7": [
            0.7088444232940674,
            0.987072229385376
        ],
        "16": [
            0.9999666810035706,
            1.0
        ]
    },
    "horse": {
        "3": [
            0.021244443953037262,
            0.4849444329738617
        ],
        "5": [
            0.039694443345069885,
            0.4824666678905487
        ],
        "7": [
            0.37541666626930237,
            0.8894055485725403
        ],
        "16": [
            0.9997666478157043,
            1.0
        ]
    },
    "ship": {
        "3": [
            0.02666666731238365,
            0.4456999897956848
        ],
        "5": [
            0.14603888988494873,
            0.6825666427612305
        ],
        "7": [
            0.44038334488868713,
            0.885016679763794
        ],
        "16": [
            0.9997000098228455,
            1.0
        ]
    },
    "truck": {
        "3": [
            0.041349999606609344,
            0.644777774810791
        ],
        "5": [
            0.28986111283302307,
            0.9037389159202576
        ],
        "7": [
            0.656677782535553,
            0.9837722182273865
        ],
        "16": [
            0.9998499751091003,
            1.0
        ]
    }
}