{
    "toaster": {
        "32": [
            0.4888888895511627,
            0.7202202081680298
        ],
        "48": [
            0.9047547578811646,
            0.9812312126159668
        ],
        "64": [
            0.9858358502388,
            0.9993493556976318
        ]
    },
    "goldfish": {
        "32": [
            0.6953453421592712,
            0.8631131052970886
        ],
        "48": [
            0.9352852702140808,
            0.9906907081604004
        ],
        "64": [
            0.9834334254264832,
            0.9995495676994324
        ]
    },
    "school bus": {
        "32": [
            0.7879379391670227,
            0.9163663387298584
        ],
        "48": [
            0.939489483833313,
            0.9914914965629578
        ],
        "64": [
            0.9822322130203247,
            0.9989489316940308
        ]
    },
    "lipstick": {
        "32": [
            0.43363362550735474,
            0.7009509801864624
        ],
        "48": [
            0.860510528087616,
            0.968618631362915
        ],
        "64": [
            0.9641141295433044,
            0.9972972869873047
        ]
    },
    "pineapple": {
        "32": [
            0.7973973751068115,
            0.9223223328590393
        ],
        "48": [
            0.9448448419570923,
            0.9925925731658936
        ],
        "64": [
            0.9872372150421143,
            0.9995995759963989
        ]
    }
}